Name,Slug,Collection ID,Locale ID,Item ID,Archived,Draft,Created On,Updated On,Published On,Featured,Category,Main Image,Preview Image,Intro,Client,Year,Location,Top Section - Headline #1,Top Section - Headline #2,Top Section - Text #1,Top Section - Text #2,Gallery,Order
183 Lunch,183-lunch,68b1b40ff8f7a47bdc773c38,68b1b40ff8f7a47bdc773b74,68ba02be0898b2357fa0ca24,false,true,Thu Sep 04 2025 21:21:02 GMT+0000 (Coordinated Universal Time),Thu Sep 04 2025 21:21:02 GMT+0000 (Coordinated Universal Time),,false,,,,,,,,,,,,,
ANA Restaurant ,ana-restaurant-,68b1b40ff8f7a47bdc773c38,68b1b40ff8f7a47bdc773b74,68b543a5c1cd99f5b1e2830c,false,false,Mon Sep 01 2025 06:56:37 GMT+0000 (Coordinated Universal Time),Thu Sep 04 2025 20:53:19 GMT+0000 (Coordinated Universal Time),Thu Sep 04 2025 20:54:04 GMT+0000 (Coordinated Universal Time),true,hospitality-lifestyle-spaces,https://cdn.prod.website-files.com/68b1b40ff8f7a47bdc773ba5/68b9ec619df97f69f019b8dd_ANA.jpg,https://cdn.prod.website-files.com/68b1b40ff8f7a47bdc773ba5/68b9ec619df97f69f019b8dd_ANA.jpg,"Concept & Interior Design, Brand Experience, Customer Journey, Menu & Experience Design",ANA Restaurant ,2024,Dubai Mall,Designing Identity into Dining,,"ANA was conceived as a living cultural canvas, reflecting the UAE’s diversity and Emirati hospitality. The façade features a “no-logo logo” wall, where every version of “ANA / أنا” represents a different personality and identity. This symbolism mirrors the UAE as a melting pot of cultures, translated into Emirati-fusion cuisine, interior design, and a holistic guest experience. The design balances contemporary Arabesque aesthetics with modern luxury — refined materials, warm tones, and bold art statements. From dining areas to the majlis event zone, every detail reinforces ANA’s philosophy of celebrating individuality through shared experience.","<p id="""">ANA was designed as an <strong id="""">immersive cultural statement</strong>, not just a restaurant. The façade’s <strong id="""">“no-logo logo” wall</strong> reflects identity as multiplicity — each reinterpretation of <em id="""">ANA</em> echoing the diversity of the UAE. Inside, the space becomes a modern <strong id="""">majlīs</strong> where Emirati heritage and contemporary design fuse seamlessly.</p><p id="""">The interiors balance <strong id="""">minimal geometry with bold artistic gestures</strong>: sculptural masks, reflective installations, and rhythmic lighting turn dining into a theatrical experience. Materials — polished stone, warm upholstery, textured walls — evoke both modern sophistication and the intimacy of Emirati hospitality. From tableware and uniforms to curated event spaces, every detail was conceived to translate ANA’s philosophy: a <strong id="""">fusion of food, culture, and belonging</strong>.</p><p>‍</p><p id="""">I envisioned and directed ANA’s <strong id="""">concept and design from A to Z</strong>, ensuring the brand philosophy extended seamlessly across <strong id="""">space, experience, and storytelling</strong>. My contributions included:</p><ul id=""""><li>Led the <strong id="""">concept creation and interior design vision</strong> from start to finish.</li><li>Directed the <strong id="""">façade design</strong>, including the “no-logo logo” wall.</li><li>Selected <strong id="""">materials, finishes, and furniture</strong> to reflect the fusion of heritage and modernity.</li><li>Designed <strong id="""">uniforms, table setups, plates, tableware, and cutlery</strong> to align with the brand identity.</li><li>Shaped the <strong id="""">customer experience and communication style</strong> across touchpoints.</li><li>Developed the <strong id="""">menu design and structure</strong>, including naming hero dishes and crafting their stories.</li><li>Curated <strong id="""">decor, display, and visual merchandising</strong> to enhance the dining experience.</li><li>Ensured the <strong id="""">integration of cultural storytelling</strong> throughout the space, from dining areas to majlis events.</li></ul><p id="""">‍</p>",https://cdn.prod.website-files.com/68b1b40ff8f7a47bdc773ba5/68b9ec619df97f69f019b8dd_ANA.jpg; https://cdn.prod.website-files.com/68b1b40ff8f7a47bdc773ba5/68b9ec7442707ebb6d7873ef_DSC04912-Edit-scaled.jpg; https://cdn.prod.website-files.com/68b1b40ff8f7a47bdc773ba5/68b9ec745f662b20348ceb2c_DSC02462-scaled.webp; https://cdn.prod.website-files.com/68b1b40ff8f7a47bdc773ba5/68b9ec73241dd1d377e5de5f_DSC04936-scaled.webp; https://cdn.prod.website-files.com/68b1b40ff8f7a47bdc773ba5/68b9ec731ccc19d03a29571a_Interior-at-ANA-Restaurant%20(1).webp; https://cdn.prod.website-files.com/68b1b40ff8f7a47bdc773ba5/68b9ec739c3bbb96934ba405_Featured-Soigne-marwa-2-1200-x-800-px-8.webp; https://cdn.prod.website-files.com/68b1b40ff8f7a47bdc773ba5/68b9e84aa5ee9f88de7ee0ca_1.png; https://cdn.prod.website-files.com/68b1b40ff8f7a47bdc773ba5/68b9e85e2dd93d88ab9e5008_2.png; https://cdn.prod.website-files.com/68b1b40ff8f7a47bdc773ba5/68b9e85ece0810c818e9ef81_3.png; https://cdn.prod.website-files.com/68b1b40ff8f7a47bdc773ba5/68b9e85ee3f999cd212379ac_4.png; https://cdn.prod.website-files.com/68b1b40ff8f7a47bdc773ba5/68b9e86ad92de94bb11e9a07_5.png; https://cdn.prod.website-files.com/68b1b40ff8f7a47bdc773ba5/68b9e86a9b9b06e54e1bff98_6.png; https://cdn.prod.website-files.com/68b1b40ff8f7a47bdc773ba5/68b9e86aeeff88f8dcf410f0_8.png; https://cdn.prod.website-files.com/68b1b40ff8f7a47bdc773ba5/68b9e864ba4239545714e0cf_9.png; https://cdn.prod.website-files.com/68b1b40ff8f7a47bdc773ba5/68b9e86441fc8f79b9bdd89f_10.png; https://cdn.prod.website-files.com/68b1b40ff8f7a47bdc773ba5/68b9e85e50c6b7a413785eae_11.png; https://cdn.prod.website-files.com/68b1b40ff8f7a47bdc773ba5/68b9e85c896f8901554ed167_12.png; https://cdn.prod.website-files.com/68b1b40ff8f7a47bdc773ba5/68b9e85c711762ddd2e1bb18_13.png; https://cdn.prod.website-files.com/68b1b40ff8f7a47bdc773ba5/68b9e85d9ec9cda2c675046d_14.png; https://cdn.prod.website-files.com/68b1b40ff8f7a47bdc773ba5/68b9e85dc7a77a2ec3cb5041_15.png; https://cdn.prod.website-files.com/68b1b40ff8f7a47bdc773ba5/68b9e8645b43596ec8447bab_16.png,
ANA Terrace,ana-terrace,68b1b40ff8f7a47bdc773c38,68b1b40ff8f7a47bdc773b74,68ba03c0d76270e9fe20a7e3,false,true,Thu Sep 04 2025 21:25:20 GMT+0000 (Coordinated Universal Time),Thu Sep 04 2025 21:25:20 GMT+0000 (Coordinated Universal Time),,false,,,,,,,,,,,,,
Abu Dhabi Art Fair,ahojas---abu-dhabi-art-fair,68b1b40ff8f7a47bdc773c38,68b1b40ff8f7a47bdc773b74,68b330163c940a53d3081641,false,true,Sat Aug 30 2025 17:08:38 GMT+0000 (Coordinated Universal Time),Mon Sep 01 2025 13:08:59 GMT+0000 (Coordinated Universal Time),Mon Sep 01 2025 10:56:44 GMT+0000 (Coordinated Universal Time),false,exhibitions-activations,https://cdn.prod.website-files.com/68b1b40ff8f7a47bdc773ba5/68b3303618815e14f850e63e_1.jpg,https://cdn.prod.website-files.com/68b1b40ff8f7a47bdc773ba5/68b3303618815e14f850e63e_1.jpg,Perfume Launch Activation,Hind Aloud,2022,"ABU Dhabi Art Fair, UAE",When Fragrance Becomes Art,,"At Abu Dhabi Art Fair, Hind Al-Oud revealed Ahojas through an immersive installation that transformed fragrance into art. Designed as a sculptural, multi-sensory environment, the space invited visitors to think, feel, and create, positioning perfume as both an emotional journey and a contemporary artwork.","<p id="""">The installation was conceived as a <strong id="""">journey of thought, feeling, and creation</strong> — a spatial narrative inspired by the idea <em id="""">“look backward in order to see forward.”</em> The design translated fragrance into an <strong id="""">art piece</strong>, inviting visitors to move through zones marked <em id="""">Think, Feel, Create.</em></p><ul id=""""><li id=""""><strong id="""">Think</strong>: A minimal entry anchored by reflective geometry, prompting visitors to question and explore their needed emotions.</li><li id=""""><strong id="""">Feel</strong>: A central immersive feature, layered with textures, light, and cosmic imagery, designed to trigger deeper emotional resonance.</li><li id=""""><strong id="""">Create</strong>: An interactive zone where visitors engaged with perfume through sensory touchpoints, connecting with Ahojas as a personal expression of creativity and memory.</li></ul><p id="""">Stone textures, glowing spheres, and reflective surfaces merged to create a <strong id="""">sculptural, immersive environment</strong>, making fragrance a medium of art and interaction.</p><p id="""">I led the <strong id="""">concept development and spatial design</strong>, ensuring the installation positioned Hind Al-Oud within the contemporary art dialogue. My role included:</p><ul id=""""><li id="""">Translating the <strong id="""">Ahojas narrative</strong> into a multi-sensory installation.</li><li id="""">Designing the spatial journey (<em id="""">Think, Feel, Create</em>) as a layered emotional experience.</li><li id="""">Directing the materiality and lighting to create a balance between minimalism and theatrical impact.</li><li id="""">Supervising execution to ensure the final installation embodied the brand’s vision of <strong id="""">perfume as an art form</strong>.</li></ul><p id="""">The project established Hind Al-Oud as a <strong id="""">cultural innovator</strong>, bridging the world of luxury perfumery with contemporary art and elevating Ahojas into more than a fragrance — an <strong id="""">immersive emotional statement</strong>.</p>",https://cdn.prod.website-files.com/68b1b40ff8f7a47bdc773ba5/68b3303618815e14f850e63e_1.jpg; https://cdn.prod.website-files.com/68b1b40ff8f7a47bdc773ba5/68b3303eae82ac604cc694c2_2.jpg; https://cdn.prod.website-files.com/68b1b40ff8f7a47bdc773ba5/68b335c4f86be1d424ad7f97_19.png; https://cdn.prod.website-files.com/68b1b40ff8f7a47bdc773ba5/68b335c1ea0573b103be166f_18.png; https://cdn.prod.website-files.com/68b1b40ff8f7a47bdc773ba5/68b335c68dc09cab89b75b9a_13.png; https://cdn.prod.website-files.com/68b1b40ff8f7a47bdc773ba5/68b335c051d51ac2a7058397_17.png; https://cdn.prod.website-files.com/68b1b40ff8f7a47bdc773ba5/68b335c6e4876ff3e97ba1db_14.png; https://cdn.prod.website-files.com/68b1b40ff8f7a47bdc773ba5/68b335c3ea77044cbfd30e80_15.png; https://cdn.prod.website-files.com/68b1b40ff8f7a47bdc773ba5/68b335c47ed6a1da79d24aa4_16.png; https://cdn.prod.website-files.com/68b1b40ff8f7a47bdc773ba5/68b335c1d2164e10c02bd9dc_21.png; https://cdn.prod.website-files.com/68b1b40ff8f7a47bdc773ba5/68b335c12a6232ea09c1844f_22.png; https://cdn.prod.website-files.com/68b1b40ff8f7a47bdc773ba5/68b335cb30d0cdb2456612d4_1.png; https://cdn.prod.website-files.com/68b1b40ff8f7a47bdc773ba5/68b335cbe6240a05b9e25960_2.png; https://cdn.prod.website-files.com/68b1b40ff8f7a47bdc773ba5/68b335cbf86be1d424ad8045_3.png,130
AlyaE'' Event,alya,68b1b40ff8f7a47bdc773c38,68b1b40ff8f7a47bdc773b74,68ba00296055d0ab2a07a067,false,true,Thu Sep 04 2025 21:10:01 GMT+0000 (Coordinated Universal Time),Thu Sep 04 2025 21:10:16 GMT+0000 (Coordinated Universal Time),,false,,,,,,,,,,,,,
Anfasic Flagship Store ,anfasic-flagship-store-,68b1b40ff8f7a47bdc773c38,68b1b40ff8f7a47bdc773b74,68b544aa1f6e749ac3c8f944,false,true,Mon Sep 01 2025 07:00:58 GMT+0000 (Coordinated Universal Time),Mon Sep 01 2025 11:10:12 GMT+0000 (Coordinated Universal Time),Mon Sep 01 2025 10:56:44 GMT+0000 (Coordinated Universal Time),true,luxury-retail-hospitality,https://cdn.prod.website-files.com/68b1b40ff8f7a47bdc773ba5/68b56baa0c57b5b11955ecca_5.png,https://cdn.prod.website-files.com/68b1b40ff8f7a47bdc773ba5/68b56baa0c57b5b11955ecca_5.png,Flagship Store | Luxury Retail Architecture | Rebranding Rollout,Anfasic,2024,"Dubai Mall, UAE",Designing the Future of Emirati Perfumery,,"The Anfasic flagship at Dubai Mall reimagines traditional perfume retail into a futuristic, immersive environment. Curved forms, glowing violet tones, and reflective surfaces create a space that feels both rooted in Emirati culture and ahead of its time. This store became the first physical expression of Anfasic’s rebranding, a bold step into modern luxury design within one of the world’s most prestigious retail destinations.","<p id="""">The store was conceived as a <strong id="""">multi-sensory journey</strong>, where architecture and atmosphere enhance the discovery of fragrance. Sculptural niches highlight collections like art installations, while interactive perfume-testing displays bring technology into the retail experience. Metallic finishes and luminous textures evoke the flow of smoke and scent, reinforcing Anfasic’s heritage in dukhoon and bukhoor while presenting it through a futuristic lens. The spatial language is fluid and immersive, designed to transform every touchpoint into a moment of storytelling.</p><p id="""">I directed the creative rebranding vision and translated it into a <strong id="""">comprehensive retail concept</strong>. My responsibilities included defining the new look and feel, developing design studies, and setting the requirements for zoning, circulation, and customer experience. I created the material palette and product display guidelines, and worked closely with the designers team to ensure the design direction was executed with precision. From concept through to handover, I ensured that every element represented the modernized Anfasic identity and delivered a high-end customer experience.</p><p id="""">‍</p>",https://cdn.prod.website-files.com/68b1b40ff8f7a47bdc773ba5/68b56baa0c57b5b11955ecca_5.png; https://cdn.prod.website-files.com/68b1b40ff8f7a47bdc773ba5/68b56bb883bf5431917edd71_9.png; https://cdn.prod.website-files.com/68b1b40ff8f7a47bdc773ba5/68b56bb843dac84784103ee6_8.png; https://cdn.prod.website-files.com/68b1b40ff8f7a47bdc773ba5/68b56bb9fb4f82f39164b6d1_10.png; https://cdn.prod.website-files.com/68b1b40ff8f7a47bdc773ba5/68b56bb8bf0308dce4939d6c_11.png; https://cdn.prod.website-files.com/68b1b40ff8f7a47bdc773ba5/68b56bba0cfe3d16791585bb_7.png; https://cdn.prod.website-files.com/68b1b40ff8f7a47bdc773ba5/68b56bbb8e2a9e7dd4239396_6.png; https://cdn.prod.website-files.com/68b1b40ff8f7a47bdc773ba5/68b56bbb3da90fc757630a9b_1.png; https://cdn.prod.website-files.com/68b1b40ff8f7a47bdc773ba5/68b56bbb7ad6ce8cc82a6552_2.png; https://cdn.prod.website-files.com/68b1b40ff8f7a47bdc773ba5/68b56bba864847576bed1bf2_3.png; https://cdn.prod.website-files.com/68b1b40ff8f7a47bdc773ba5/68b56bbad2ddbc8f128f1962_4.png,20
CHARLES ZUBER,charles-zuber,68b1b40ff8f7a47bdc773c38,68b1b40ff8f7a47bdc773b74,68b9fcbdb56f6d56deea2a29,false,false,Thu Sep 04 2025 20:55:25 GMT+0000 (Coordinated Universal Time),Wed Sep 10 2025 15:00:47 GMT+0000 (Coordinated Universal Time),Wed Sep 10 2025 15:02:07 GMT+0000 (Coordinated Universal Time),false,luxury-retail-hospitality,https://cdn.prod.website-files.com/68b1b40ff8f7a47bdc773ba5/68b9fda3d3360d1be019bf0a_cz-btq1.jpg,https://cdn.prod.website-files.com/68b1b40ff8f7a47bdc773ba5/68b9fda3d3360d1be019bf0a_cz-btq1.jpg,Luxury Jewellery & Watch Retail,Charles Zuber (Switzerland),2023,"Yas Mall, Abu Dhabi, UAE",Framing Watches as Works of Art,,"The Charles Zuber boutique at Yas Mall marks the brand’s first global flagship outside Switzerland. Designed at the Geneva headquarters, the Abu Dhabi boutique was envisioned as a contemporary temple of watchmaking and jewelry, blending Swiss precision with a Middle Eastern sense of luxury.","<p id="""">The design embodies <em id="""">“the provocative beauty of simplicity”</em> through arched façades, warm lighting, and bespoke materiality. The façade establishes a dialogue between heritage and modernity, while the interiors showcase meticulous craftsmanship — pearl- and silver-infused flooring, customized finishes, and tailored furniture. Each detail frames the maison’s creations as timeless works of art.</p><p>‍</p><p id="""">While the architectural design was developed in Switzerland, my responsibility was to translate the brand’s vision into reality in the UAE with an uncompromising focus on luxury quality. My scope included:</p><ul id=""""><li>Supervising execution and ensuring the Geneva design intent was fully realized on site.</li><li>Selecting and approving high-end materials, finishes, and furniture, with a focus on bespoke elements.</li><li>Directing the customization of key finishes, including pearl-and-silver flooring produced exclusively for this project.</li><li>Designing and arranging the product merchandising to enhance storytelling and elevate customer journeys.</li><li>Guaranteeing consistency of quality across construction, décor, and final handover to meet global luxury standards.</li></ul><p>‍</p>",https://cdn.prod.website-files.com/68b1b40ff8f7a47bdc773ba5/68b9fda3912944d6aa9ee3be_CZ7.jpg; https://cdn.prod.website-files.com/68b1b40ff8f7a47bdc773ba5/68b9fda3b255c7f36ee76b65_CZ-inside-1.jpg; https://cdn.prod.website-files.com/68b1b40ff8f7a47bdc773ba5/68b9fda39b54f4b2da437247_CZ-inside-2.jpg; https://cdn.prod.website-files.com/68b1b40ff8f7a47bdc773ba5/68b9fda3d3360d1be019bf0a_cz-btq1.jpg; https://cdn.prod.website-files.com/68b1b40ff8f7a47bdc773ba5/68b9fd8c79f0181e37394a27_charles-zuber-abu-dhabi2.webp; https://cdn.prod.website-files.com/68b1b40ff8f7a47bdc773ba5/68b9fda3ed93a757f222b834_20230523-RON_4511.jpg,
CUD Auditorium,canadian-university-dubai-auditorium,68b1b40ff8f7a47bdc773c38,68b1b40ff8f7a47bdc773b74,68b33740c06a7b55c496c35e,false,false,Sat Aug 30 2025 17:39:12 GMT+0000 (Coordinated Universal Time),Mon Sep 01 2025 12:24:58 GMT+0000 (Coordinated Universal Time),Mon Sep 01 2025 14:59:56 GMT+0000 (Coordinated Universal Time),false,hospitality-lifestyle-spaces,https://cdn.prod.website-files.com/68b1b40ff8f7a47bdc773ba5/68b33794a392231854193c7a_2404_AUDITORIUM_CUD_DXB_05.jpg,https://cdn.prod.website-files.com/68b1b40ff8f7a47bdc773ba5/68b3378fb6e6b2f1c849f432_2404_AUDITORIUM_CUD_DXB_10.jpg,Auditorium & Innovation Hub,Canadian University Dubai ,2024,"Dubai, UAE",Futuristic Auditorium & Training Hub,,"For Canadian University Dubai, a new auditorium and innovation hub was designed to serve as both the university’s formal ceremonial hall and a training ground for the next generation of marketers and brand builders. With a capacity of 200–300, the space embodies a futuristic, VIP atmosphere aligned with the university’s innovative spirit.","<p id="""">The project brought together <strong id="""">two distinct yet complementary environments</strong>:</p><ul id=""""><li><strong id="""">Auditorium</strong> → A landmark venue for graduation ceremonies, official events, and guest lectures featuring regional and international leaders. Designed with <strong id="""">sweeping curves, immersive lighting, and refined materials</strong>, it conveys prestige while offering flexibility for large-scale events.</li><li><strong id="""">Workshop &amp; Training Rooms</strong> → Interactive spaces for <strong id="""">brand engagement, product testing, and marketing simulations</strong>, tailored to <strong id="""">Gen Z students</strong>. Here, global brands can showcase products while students practice product development, storytelling, and campaign strategies.</li></ul><p id="""">Together, these spaces reflect the university’s <strong id="""">progressive identity</strong>, providing students with environments that are both <strong id="""">inspirational and functional</strong>. The design balances <strong id="""">futurism and luxury</strong>, creating a cultural anchor for City Walk and a new creative platform for CUD.</p><p>‍</p><p id="""">I was responsible for the <strong id="""">concept development and spatial design</strong>, ensuring both programmatic and experiential needs were fulfilled. My scope included:</p><ul id=""""><li>Translating the university’s <strong id="""">innovative ethos</strong> into an architectural language.</li><li>Designing the <strong id="""">auditorium as a formal yet contemporary space</strong> for high-profile events.</li><li>Creating <strong id="""">workshops and training rooms</strong> where brands and students interact dynamically.</li><li>Ensuring the design offered a <strong id="""">VIP atmosphere</strong> while maintaining functionality for daily use.</li><li>Overseeing the creative process and guiding the team to deliver <strong id="""">a cohesive, futuristic environment</strong>.</li></ul><p id="""">The project set a new standard for <strong id="""">educational environments in Dubai</strong>, positioning Canadian University Dubai as a leader in bridging academia, industry, and design innovation.</p>",https://cdn.prod.website-files.com/68b1b40ff8f7a47bdc773ba5/68b33794a392231854193c7a_2404_AUDITORIUM_CUD_DXB_05.jpg; https://cdn.prod.website-files.com/68b1b40ff8f7a47bdc773ba5/68b3378fb6e6b2f1c849f432_2404_AUDITORIUM_CUD_DXB_10.jpg; https://cdn.prod.website-files.com/68b1b40ff8f7a47bdc773ba5/68b3378f5557ed96c2f7af2e_2404_AUDITORIUM_CUD_DXB_09.jpg; https://cdn.prod.website-files.com/68b1b40ff8f7a47bdc773ba5/68b3378f42513fd144fddc43_2404_AUDITORIUM_CUD_DXB_08.jpg; https://cdn.prod.website-files.com/68b1b40ff8f7a47bdc773ba5/68b33794a6dae8bd34ebc211_2404_AUDITORIUM_CUD_DXB_04.jpg; https://cdn.prod.website-files.com/68b1b40ff8f7a47bdc773ba5/68b33777a8ef92db17e1d071_2404_AUDITORIUM_CUD_DXB_01.jpg; https://cdn.prod.website-files.com/68b1b40ff8f7a47bdc773ba5/68b3377d87f35d2c5c9f03b0_2404_AUDITORIUM_CUD_DXB_03.jpg; https://cdn.prod.website-files.com/68b1b40ff8f7a47bdc773ba5/68b337942199006db8a30897_2404_AUDITORIUM_CUD_DXB_02.jpg; https://cdn.prod.website-files.com/68b1b40ff8f7a47bdc773ba5/68b337900f5b95bfbd940bec_2404_AUDITORIUM_CUD_DXB_06.jpg; https://cdn.prod.website-files.com/68b1b40ff8f7a47bdc773ba5/68b3378eea0573b103be5c08_2404_AUDITORIUM_CUD_DXB_07.jpg,108
Dubai Design Week 2024,hind-aloud---dubai-design-week-2024,68b1b40ff8f7a47bdc773c38,68b1b40ff8f7a47bdc773b74,68b306c5c0a789d917c2d3ee,false,false,Sat Aug 30 2025 14:12:21 GMT+0000 (Coordinated Universal Time),Mon Sep 01 2025 13:50:27 GMT+0000 (Coordinated Universal Time),Mon Sep 01 2025 14:59:56 GMT+0000 (Coordinated Universal Time),true,experiential-space,https://cdn.prod.website-files.com/68b1b40ff8f7a47bdc773ba5/68b3071eba88460ab6579622_1730803542137.jpeg,https://cdn.prod.website-files.com/68b1b40ff8f7a47bdc773ba5/68b31268cfdd1b6704993bef_1730803541923.jpeg,Experiential Pop-Up | Artistic Installation | Brand Activation,Hind ALoud,2024,"Dubai Design Week, UAE",When Scent Becomes Art,,"At Dubai Design Week, Hind Al-Oud presented an immersive pop-up installation that transformed fragrance into art and poetry into space. Inspired by Kibriya’E by poet Faisal Al-Adwani, the activation introduced two exclusive perfumes — Alifi and Ya’E — expressed as a multi-sensory journey from certainty to singularity, blending scent, light, sound, and spatial storytelling into an evocative design experience.","<p id="""">The space was conceived as a <strong id="""">multi-sensory journey</strong>, guiding visitors from <em id="""">certainty</em> to <em id="""">singularity</em>. Through art, interactive installations, fragrance, soundscapes, and tactile elements, guests experienced an emotional transformation that mirrored the essence of the two perfumes — <em id="""">Alifi</em>, representing ambition and certainty, and <em id="""">Ya’E</em>, celebrating singularity and self-expression.</p><p id="""">Minimalist yet immersive, the design elevated fragrance into a <strong id="""">narrative-driven environment</strong>. Light and visual compositions represented stability evolving into uniqueness, while scent interactions, music, and subtle taste elements deepened the sensory engagement. The result was not just a retail activation, but a <strong id="""">creative encounter</strong> positioning Hind Al-Oud within Dubai’s vibrant design community, connecting the brand to <strong id="""">artists, innovators, and luxury audiences</strong> who value emotional storytelling and cultural expression.</p><p id="""">As <strong id="""">Creative Director</strong>, I developed the concept, mapped the customer journey, and directed the spatial and sensory design. My focus was on translating poetry into space, ensuring each touchpoint embodied the transformation from certainty to singularity. I oversaw the design language, immersive interactions, and brand storytelling, ensuring the pop-up resonated as both a luxury experience and a creative statement within the global design stage.</p><p>‍</p>",https://cdn.prod.website-files.com/68b1b40ff8f7a47bdc773ba5/68b310865b2139addbe787f6_1731419627558.jpeg; https://cdn.prod.website-files.com/68b1b40ff8f7a47bdc773ba5/68b310865b2139addbe7883a_1731419611191.jpeg; https://cdn.prod.website-files.com/68b1b40ff8f7a47bdc773ba5/68b3073b0761e3f384a58059_1730803537307.jpeg; https://cdn.prod.website-files.com/68b1b40ff8f7a47bdc773ba5/68b3108692d2b3414cb904e9_1731419612494.jpeg; https://cdn.prod.website-files.com/68b1b40ff8f7a47bdc773ba5/68b31086b22ee95bf9f27af6_1731419641776.jpeg; https://cdn.prod.website-files.com/68b1b40ff8f7a47bdc773ba5/68b3071eba88460ab6579622_1730803542137.jpeg; https://cdn.prod.website-files.com/68b1b40ff8f7a47bdc773ba5/68b3073b3c36fe3216ccddd7_1730803539601.jpeg; https://cdn.prod.website-files.com/68b1b40ff8f7a47bdc773ba5/68b3073bd91ae4a78df268cc_1730803537183.jpeg; https://cdn.prod.website-files.com/68b1b40ff8f7a47bdc773ba5/68b3073ab35144efa9250d6e_1730803538371.jpeg; https://cdn.prod.website-files.com/68b1b40ff8f7a47bdc773ba5/68b3117b36b30e9273152998_Captureee.JPG; https://cdn.prod.website-files.com/68b1b40ff8f7a47bdc773ba5/68b3073ac35638d62c441e30_1730803538131.jpeg; https://cdn.prod.website-files.com/68b1b40ff8f7a47bdc773ba5/68b31172d92647de1029a463_Capture2.JPG; https://cdn.prod.website-files.com/68b1b40ff8f7a47bdc773ba5/68b31086162a977fcb5426ee_1731419622639.jpeg; https://cdn.prod.website-files.com/68b1b40ff8f7a47bdc773ba5/68b310869d6cf033963b0060_1731419610137.jpeg; https://cdn.prod.website-files.com/68b1b40ff8f7a47bdc773ba5/68b30710e86b0b10ea7e0f87_1730803542099.jpeg; https://cdn.prod.website-files.com/68b1b40ff8f7a47bdc773ba5/68b31184b2f93665e6008c9b_Capture33.JPG; https://cdn.prod.website-files.com/68b1b40ff8f7a47bdc773ba5/68b31180a749f198990f4e56_Capturewe.JPG; https://cdn.prod.website-files.com/68b1b40ff8f7a47bdc773ba5/68b310bad2164e10c026727b_Capture1.JPG,10
Emirati Women's Day ,emirati-womens-day,68b1b40ff8f7a47bdc773c38,68b1b40ff8f7a47bdc773b74,68ba00d5e6c3a198b405a564,false,true,Thu Sep 04 2025 21:12:53 GMT+0000 (Coordinated Universal Time),Thu Sep 04 2025 21:12:53 GMT+0000 (Coordinated Universal Time),,false,,,,,,,,,,,,,
Emovation LAB,the-emovation-lab,68b1b40ff8f7a47bdc773c38,68b1b40ff8f7a47bdc773b74,68b2e9f7aa968a2d6f145bd9,false,false,Sat Aug 30 2025 12:09:27 GMT+0000 (Coordinated Universal Time),Mon Sep 01 2025 13:51:52 GMT+0000 (Coordinated Universal Time),Mon Sep 01 2025 14:59:56 GMT+0000 (Coordinated Universal Time),true,experiential-space,https://cdn.prod.website-files.com/68b1b40ff8f7a47bdc773ba5/68b43f6ed2164e10c0482b24_48.png,https://cdn.prod.website-files.com/68b1b40ff8f7a47bdc773ba5/68b43fb30cfe3d1679e215da_39.png,Multi-Sensory Hub for Innovation,Mohamad Hilal Group ,2023,"Sharjah Research Technology and Innovation Park, UAE",Emotional Design for Creativity,,"The Emovation Lab was designed as a first-of-its-kind hub for emotional innovation in Sharjah’s Technology and Innovation Park. Created as a space where invention begins with emotion, it offered a multi-sensory environment for students, researchers, and creators to imagine, develop, and showcase new ideas.","<p id="""">The design was rooted in the concept of <strong id="""">Emovation — Emotion + Innovation</strong>. The Lab unfolded as a <strong id="""">circular journey</strong>: immersive zones to trigger the senses, minimalist research spaces equipped for experimentation, and showcase areas to present and celebrate new inventions. Minimalist, futuristic, and refined, the architecture combined light, sound, and materiality to make the space both inspiring and functional.</p><p id="""">As <strong id="""">Creative Director</strong>, I conceived and led the project from concept to delivery — studying the site, defining the needs of its users, designing the spatial journey, and integrating storytelling into each touchpoint. I oversaw the interior architecture and execution in detail, ensuring the Lab achieved its <strong id="""">luxury and futuristic vision</strong>. The result was a <strong id="""">pioneering model for innovation spaces</strong>, where design itself acts as a catalyst for creativity and invention.</p><p>‍</p>",https://cdn.prod.website-files.com/68b1b40ff8f7a47bdc773ba5/68b43fb30cfe3d1679e215da_39.png; https://cdn.prod.website-files.com/68b1b40ff8f7a47bdc773ba5/68b43fb22ab674a24f66b219_41.png; https://cdn.prod.website-files.com/68b1b40ff8f7a47bdc773ba5/68b43fb43f3c2a85d808965c_40.png; https://cdn.prod.website-files.com/68b1b40ff8f7a47bdc773ba5/68b5343f00503ee3a46bcc80_Untitled%20design%20(2).png; https://cdn.prod.website-files.com/68b1b40ff8f7a47bdc773ba5/68b43fb2a70ab6fafacf69d3_42.png; https://cdn.prod.website-files.com/68b1b40ff8f7a47bdc773ba5/68b43fb195d8af8b0e90a0b1_44.png; https://cdn.prod.website-files.com/68b1b40ff8f7a47bdc773ba5/68b43fb153fb5920dfe1422e_45.png; https://cdn.prod.website-files.com/68b1b40ff8f7a47bdc773ba5/68b43fb025982ab007bce31e_46.png; https://cdn.prod.website-files.com/68b1b40ff8f7a47bdc773ba5/68b43fb5cbb6689c94e9c069_37.png; https://cdn.prod.website-files.com/68b1b40ff8f7a47bdc773ba5/68b43f6ed2164e10c0482b24_48.png; https://cdn.prod.website-files.com/68b1b40ff8f7a47bdc773ba5/68b43fad62a8ec6d56365350_49.png; https://cdn.prod.website-files.com/68b1b40ff8f7a47bdc773ba5/68b43f75c1043de5add986a5_50.png; https://cdn.prod.website-files.com/68b1b40ff8f7a47bdc773ba5/68b43faf81022e43087521f7_47.png; https://cdn.prod.website-files.com/68b1b40ff8f7a47bdc773ba5/68b2edf33e4f056279ce4dfe_EMOVATION%20LAB%20MATERIAL%20BOARD.jpg; https://cdn.prod.website-files.com/68b1b40ff8f7a47bdc773ba5/68b43fad3c36fe3216efb1d5_51.png; https://cdn.prod.website-files.com/68b1b40ff8f7a47bdc773ba5/68b43fb51f6e749ac3a2887a_38.png; https://cdn.prod.website-files.com/68b1b40ff8f7a47bdc773ba5/68b43fad3090cca3788f1fab_53.png,40
Emovation LAB - Pop-Up Store,emovation-lab,68b1b40ff8f7a47bdc773c38,68b1b40ff8f7a47bdc773b74,68b2c964ba88460ab64e63cd,false,true,Sat Aug 30 2025 09:50:28 GMT+0000 (Coordinated Universal Time),Mon Sep 01 2025 13:54:07 GMT+0000 (Coordinated Universal Time),Mon Sep 01 2025 10:56:44 GMT+0000 (Coordinated Universal Time),true,experiential-space,https://cdn.prod.website-files.com/68b1b40ff8f7a47bdc773ba5/68b541afd0e27a6badb7219b_81.png,https://cdn.prod.website-files.com/68b1b40ff8f7a47bdc773ba5/68b541afd0e27a6badb7219b_81.png,Experiential Pop-Up ,Mohamed Hilal Group,2023,"UAE, GCC ",The Architecture of Emotion,,"The Emovation Lab was a pioneering multi-sensory pop-up, born from the fusion of emotion and innovation. It transformed fragrance into an immersive journey, redefining how customers engage with luxury retail.","<p id="""">The Lab unfolded as a <strong id="""">three-step narrative</strong> — <em id="""">Interaction, Processing, Reaction</em> — guiding visitors through discovery, experimentation, and creation. Light, sound, reflection, and tactile materials shaped the atmosphere, while the <strong id="""">Mixology Lab</strong> invited customers to craft their own perfumes. Each element acted as a <strong id="""">storytelling trigger</strong>, turning the space into a stage where design, technology, and emotion converged.</p><p id="""">As <strong id="""">Creative Director</strong>, I originated the <strong id="""">Emovation concept</strong> and developed its translation into space, narrative, and interaction. I led the <strong id="""">spatial design, customer journey mapping, and integration of storytelling</strong> across every touchpoint. My scope included the <strong id="""">visual identity, packaging, and digital platforms</strong>, ensuring a unified experience across physical and digital realms.</p><p id="""">I directed the rollout across <strong>GCC</strong>, and later at international showcases such as <strong id="""">World Beauty and Esxence in Italy</strong>. </p><p id="""">The Lab became a <strong id="""">benchmark in experiential retail design</strong>, pioneering a new model of multi-sensory engagement that positioned luxury perfumery as an emotional, participatory experience.</p>",https://cdn.prod.website-files.com/68b1b40ff8f7a47bdc773ba5/68b2e59700503ee3a4210cd4_3.png; https://cdn.prod.website-files.com/68b1b40ff8f7a47bdc773ba5/68b2e59789706f211fc889f6_4.png; https://cdn.prod.website-files.com/68b1b40ff8f7a47bdc773ba5/68b2e5956214850d346d41f6_7.png; https://cdn.prod.website-files.com/68b1b40ff8f7a47bdc773ba5/68b2e595fcf9ac0d43fbd8a9_8.png; https://cdn.prod.website-files.com/68b1b40ff8f7a47bdc773ba5/68b2d68abfd24f1685ae9ec9_Untitled%20(2).png; https://cdn.prod.website-files.com/68b1b40ff8f7a47bdc773ba5/68b2e593e4876ff3e9707b62_11.png; https://cdn.prod.website-files.com/68b1b40ff8f7a47bdc773ba5/68b2e593fde228bec9ee3ddc_12.png; https://cdn.prod.website-files.com/68b1b40ff8f7a47bdc773ba5/68b2e593576293e25d47369f_13.png; https://cdn.prod.website-files.com/68b1b40ff8f7a47bdc773ba5/68b2e851e98db8a0975f4dfb_18.png; https://cdn.prod.website-files.com/68b1b40ff8f7a47bdc773ba5/68b2e8518dc3718c292701ad_19.png; https://cdn.prod.website-files.com/68b1b40ff8f7a47bdc773ba5/68b2e85195d8af8b0e682f58_20.png; https://cdn.prod.website-files.com/68b1b40ff8f7a47bdc773ba5/68b2e85187f35d2c5c93659f_21.png; https://cdn.prod.website-files.com/68b1b40ff8f7a47bdc773ba5/68b2e8513f8b69013601d553_22.png; https://cdn.prod.website-files.com/68b1b40ff8f7a47bdc773ba5/68b2e8511ea422fa5e4bc499_23.png; https://cdn.prod.website-files.com/68b1b40ff8f7a47bdc773ba5/68b2edf33e4f056279ce4dfe_EMOVATION%20LAB%20MATERIAL%20BOARD.jpg; https://cdn.prod.website-files.com/68b1b40ff8f7a47bdc773ba5/68b541afd0e27a6badb7219b_81.png; https://cdn.prod.website-files.com/68b1b40ff8f7a47bdc773ba5/68b541c9b07856dcd8b40ca7_82.png; https://cdn.prod.website-files.com/68b1b40ff8f7a47bdc773ba5/68b541c925982ab007e368f6_83.png; https://cdn.prod.website-files.com/68b1b40ff8f7a47bdc773ba5/68b541c9576293e25d98f288_84.png; https://cdn.prod.website-files.com/68b1b40ff8f7a47bdc773ba5/68b541c8cc319d9245e5f231_85.png; https://cdn.prod.website-files.com/68b1b40ff8f7a47bdc773ba5/68b541c7ec0d2d0e60b4de98_86.png; https://cdn.prod.website-files.com/68b1b40ff8f7a47bdc773ba5/68b541c794b819313f7bf91c_87.png; https://cdn.prod.website-files.com/68b1b40ff8f7a47bdc773ba5/68b541c6b99aac96fb2ae555_88.png; https://cdn.prod.website-files.com/68b1b40ff8f7a47bdc773ba5/68b541c7e18a56cb23665773_89.png,80
Enchanted Moment,enchanted,68b1b40ff8f7a47bdc773c38,68b1b40ff8f7a47bdc773b74,68ba016a7c263c19b1e6818e,false,true,Thu Sep 04 2025 21:15:22 GMT+0000 (Coordinated Universal Time),Thu Sep 04 2025 21:15:34 GMT+0000 (Coordinated Universal Time),,false,,,,,,,,,,,,,
Eter Story,eter,68b1b40ff8f7a47bdc773c38,68b1b40ff8f7a47bdc773b74,68ba03430a733a958ed598eb,false,true,Thu Sep 04 2025 21:23:15 GMT+0000 (Coordinated Universal Time),Thu Sep 04 2025 21:23:21 GMT+0000 (Coordinated Universal Time),,false,,,,,,,,,,,,,
Gallery Lafayette Doha,gallery-lafayette-doha,68b1b40ff8f7a47bdc773c38,68b1b40ff8f7a47bdc773b74,68b54658b22ee95bf93bb322,false,true,Mon Sep 01 2025 07:08:08 GMT+0000 (Coordinated Universal Time),Mon Sep 01 2025 07:08:11 GMT+0000 (Coordinated Universal Time),,false,,,,,,,,,,,,,
HAO - Gallery Lafayette Doha,gallery-lafayette-dubai,68b1b40ff8f7a47bdc773c38,68b1b40ff8f7a47bdc773b74,68b546315f8a5cce190d15dc,false,true,Mon Sep 01 2025 07:07:29 GMT+0000 (Coordinated Universal Time),Mon Sep 01 2025 07:07:58 GMT+0000 (Coordinated Universal Time),,false,,,,,HAO,2025,Gallery Lafayette Doha,,,,,,
HAO x Christofle ,hao-x-christofle-,68b1b40ff8f7a47bdc773c38,68b1b40ff8f7a47bdc773b74,68b5482dd3bd0eef7fc7586d,false,true,Mon Sep 01 2025 07:15:57 GMT+0000 (Coordinated Universal Time),Mon Sep 01 2025 07:16:41 GMT+0000 (Coordinated Universal Time),,false,brands-collaborations,,,,,2025,Global,,,,,,
HAO x MOSER ,hao-x-moser-,68b1b40ff8f7a47bdc773c38,68b1b40ff8f7a47bdc773b74,68b547fae12cdebdd037807a,false,true,Mon Sep 01 2025 07:15:06 GMT+0000 (Coordinated Universal Time),Mon Sep 01 2025 07:15:42 GMT+0000 (Coordinated Universal Time),,false,,,,,HAO x MOSER ,2025,Global,,,,,,
HOB Department Store,hob-department-store,68b1b40ff8f7a47bdc773c38,68b1b40ff8f7a47bdc773b74,68b4b8e853fb5920dff43193,false,false,Sun Aug 31 2025 21:04:40 GMT+0000 (Coordinated Universal Time),Fri Sep 05 2025 10:47:05 GMT+0000 (Coordinated Universal Time),Wed Sep 10 2025 15:02:07 GMT+0000 (Coordinated Universal Time),true,luxury-retail-hospitality,https://cdn.prod.website-files.com/68b1b40ff8f7a47bdc773ba5/68b4b94e6e3ee6fe5461e522__MG_3610.jpg,https://cdn.prod.website-files.com/68b1b40ff8f7a47bdc773ba5/68b4b94e6e3ee6fe5461e522__MG_3610.jpg,Department Store – Retail Architecture & Multi-Brand Concept,HOB,2022,"YAS Mall ,UAE",The First Emirati Luxury Department Store Reimagined,,"HOB marked the UAE’s first Emirati luxury department store, and this Yas Mall flagship was a pivotal moment in elevating its identity. The store was envisioned as a premium multi-brand destination — housing perfumes, fashion, accessories, jewelry, and private event spaces — designed to reflect global luxury standards while remaining rooted in regional identity.","<p id="""">The design introduced a contemporary luxury environment defined by <strong id="""">high-end finishes, bespoke materials, and flexible layouts</strong> to accommodate multiple brands under one roof.</p><ul id=""""><li><strong id="""">Iconic Entrance:</strong> The façade features a <strong id="""">custom-designed green resin portal</strong>, created exclusively for HOB, establishing a bold and recognizable landmark within Yas Mall.</li><li><strong id="""">Spatial Layout:</strong> The floorplan was developed to adapt to diverse brand requirements while ensuring a cohesive flow and premium customer journey.</li><li><strong id="""">Materials &amp; Atmosphere:</strong> A blend of <strong id="""">polished marble, metallic detailing, warm lighting, and curated display systems</strong> created an immersive luxury retail ambiance.</li><li><strong id="""">Multi-Brand Identity:</strong> Each brand retained visibility and individuality while existing within a unified luxury environment, guided by clear architectural and VM standards.</li><li><strong id="""">VIP Lounges &amp; Private Areas:</strong> Dedicated spaces for high-profile customers and events reinforced exclusivity and elevated brand perception.</li></ul><p id="""">I led the <strong id="""">creative direction, spatial concept, and retail design guidelines</strong> for the store:</p><ul id=""""><li>Developed the overall <strong id="""">design concept and customer journey</strong>.</li><li>Directed the <strong id="""">layout planning</strong> to ensure flexibility for future brand rotations.</li><li>Created the <strong id="""">look &amp; feel, material palette, and finishes</strong> — including the exclusive resin façade.</li><li>Provided <strong id="""">design guidelines for in-store brands</strong>, ensuring alignment with HOB’s luxury standards.</li><li>Oversaw the development of bespoke retail units (leather goods, niche brands).</li><li>Shaped the <strong id="""">visual merchandising and activation standards</strong> to maintain premium daily operations.</li></ul><p id="""">This project redefined HOB’s positioning — transforming it from a retail space into a <strong id="""">landmark Emirati luxury department store</strong> with global relevance.</p>",https://cdn.prod.website-files.com/68b1b40ff8f7a47bdc773ba5/68b9f993f827410c6cd5d8e3_1.png; https://cdn.prod.website-files.com/68b1b40ff8f7a47bdc773ba5/68b9f9933ffd107a0b6bae15_2.png; https://cdn.prod.website-files.com/68b1b40ff8f7a47bdc773ba5/68b9f992f6bc60d4bafcb6da_3.png; https://cdn.prod.website-files.com/68b1b40ff8f7a47bdc773ba5/68b9f991d10a95f391063f36_4.png; https://cdn.prod.website-files.com/68b1b40ff8f7a47bdc773ba5/68b9f990fb3707c7edd5296f_5.png; https://cdn.prod.website-files.com/68b1b40ff8f7a47bdc773ba5/68b9f99041a13e87b8bef4dd_6.png; https://cdn.prod.website-files.com/68b1b40ff8f7a47bdc773ba5/68b4b93a2c4eee4a81af9dc2__MG_3648.jpg; https://cdn.prod.website-files.com/68b1b40ff8f7a47bdc773ba5/68b9f98ce2088a216f46ad46_8.png; https://cdn.prod.website-files.com/68b1b40ff8f7a47bdc773ba5/68b9f98b08f78333a9675ffa_11.png; https://cdn.prod.website-files.com/68b1b40ff8f7a47bdc773ba5/68b4b9530d989266b82489a2__MG_3671.jpg; https://cdn.prod.website-files.com/68b1b40ff8f7a47bdc773ba5/68b9f9907db6f9cb028b4d7c_7.png; https://cdn.prod.website-files.com/68b1b40ff8f7a47bdc773ba5/68b9f98c522558898f5d3055_10.png; https://cdn.prod.website-files.com/68b1b40ff8f7a47bdc773ba5/68b5cd64cb3345b18ce23ace_hob.JPG; https://cdn.prod.website-files.com/68b1b40ff8f7a47bdc773ba5/68b9f98c73ccf6539c4da38c_9.png,70
Hind Al Oud Pop-Up Store,hind-al-oud---immersive-pop-up,68b1b40ff8f7a47bdc773c38,68b1b40ff8f7a47bdc773b74,68b2bf3c6ac21db37be36bac,false,true,Sat Aug 30 2025 09:07:08 GMT+0000 (Coordinated Universal Time),Mon Sep 01 2025 13:55:09 GMT+0000 (Coordinated Universal Time),Mon Sep 01 2025 10:56:44 GMT+0000 (Coordinated Universal Time),true,immersive-environments-pop-ups,https://cdn.prod.website-files.com/68b1b40ff8f7a47bdc773ba5/68b31dd15a98c1de8d3f530b_16.png,https://cdn.prod.website-files.com/68b1b40ff8f7a47bdc773ba5/68b31dd15a98c1de8d3f530b_16.png,Immersive Pop-Up Store,Hind Al Oud,2023,"Galleria Mall, Abu Dhabi, UAE",Design Concept,,"This immersive pop-up was designed as a luxury pavilion in the heart of Galleria Mall, combining bold architecture with sensorial storytelling to create a memorable retail destination.","<p id="""">The space blended <strong id="""">glass, crystal, marble, and stone</strong> to establish a striking presence in one of Abu Dhabi’s most prestigious malls. Designed as a journey, the layout guided customers through <strong id="""">interactive perfume-testing counters</strong> and storytelling zones, each touchpoint revealing a new layer of the brand’s narrative. Light, reflection, and materiality were choreographed to elevate the atmosphere, ensuring that the pop-up didn’t just display products, but delivered an <strong id="""">immersive brand story</strong> that engaged visitors emotionally as well as visually.</p><p id="""">I led the <strong id="""">concept creation and interior architecture</strong>, directing the project from design through execution. My work included material selection, spatial planning, and <strong id="""">storytelling integration across customer touchpoints</strong> — from visual merchandising to the immersive testing experience. I supervised site delivery to guarantee high-end finishes, and oversaw the <strong id="""">launch presentation</strong>, ensuring every detail aligned with the vision of a <strong id="""">luxury, story-driven brand experience</strong>.</p>",https://cdn.prod.website-files.com/68b1b40ff8f7a47bdc773ba5/68b31dd15a98c1de8d3f530b_16.png; https://cdn.prod.website-files.com/68b1b40ff8f7a47bdc773ba5/68b31dd158c2ba948b634f73_17.png; https://cdn.prod.website-files.com/68b1b40ff8f7a47bdc773ba5/68b31e55cfdd1b67049afb07_Captureww.JPG; https://cdn.prod.website-files.com/68b1b40ff8f7a47bdc773ba5/68b31dd1bab532707805fb89_14.png; https://cdn.prod.website-files.com/68b1b40ff8f7a47bdc773ba5/68b3169695d8af8b0e6f3b30_3.png; https://cdn.prod.website-files.com/68b1b40ff8f7a47bdc773ba5/68b3168c5f8a5cce19c37ecc_11.png; https://cdn.prod.website-files.com/68b1b40ff8f7a47bdc773ba5/68b316923c940a53d30406e2_4.png; https://cdn.prod.website-files.com/68b1b40ff8f7a47bdc773ba5/68b31691e38646b7c773f7d4_7.png; https://cdn.prod.website-files.com/68b1b40ff8f7a47bdc773ba5/68b3169428aa2dc316bfd797_5.png; https://cdn.prod.website-files.com/68b1b40ff8f7a47bdc773ba5/68b31692b2f93665e601617e_6.png; https://cdn.prod.website-files.com/68b1b40ff8f7a47bdc773ba5/68b316912245f238d5f36d37_8.png; https://cdn.prod.website-files.com/68b1b40ff8f7a47bdc773ba5/68b3168f9810e6cd45bcc23b_9.png; https://cdn.prod.website-files.com/68b1b40ff8f7a47bdc773ba5/68b3168edc6a6e119cd88504_12.png; https://cdn.prod.website-files.com/68b1b40ff8f7a47bdc773ba5/68b31694a8ef92db17dc86f2_1.png,50
Hind Aloud Flagship Store,hind-aloud---bas-mall,68b1b40ff8f7a47bdc773c38,68b1b40ff8f7a47bdc773b74,68b3248db6e6b2f1c84772b1,false,false,Sat Aug 30 2025 16:19:25 GMT+0000 (Coordinated Universal Time),Wed Sep 10 2025 15:01:10 GMT+0000 (Coordinated Universal Time),Wed Sep 10 2025 15:01:10 GMT+0000 (Coordinated Universal Time),true,luxury-retail-hospitality,https://cdn.prod.website-files.com/68b1b40ff8f7a47bdc773ba5/68b324a4dd6358872966e401_01-Final.jpg,https://cdn.prod.website-files.com/68b1b40ff8f7a47bdc773ba5/68b324a4dd6358872966e401_01-Final.jpg,Experiential Flagship & Brand Transformation,Hind Aloud,2023,UAE to Global Expansion,The First Flagship of a Global Rollout,,"The Hind Al-Oud Bas Mall flagship marked the beginning of a full rebranding journey, setting a new benchmark for luxury perfume retail. Designed as an immersive environment where architecture, scent, and storytelling converge, it became the first store in a global rollout that now extends across the UAE, GCC, Moscow, and London.","<p id="""">The new concept redefined the brand through <strong id="""">emotions as architecture</strong>. The store unfolded like a <strong id="""">museum of emotions</strong>, blending spacious, futuristic forms with luxury materials such as quartz, marble, and reflective surfaces. Minimalist curves and jewel-like interiors embodied duality — stability on the outside, singularity within.</p><p id="""">Every element was crafted to elevate fragrance into an <strong id="""">artful, multi-sensory experience</strong>. Interactive testers, digital storytelling, and unique perfuming stations engaged customers beyond transaction, while spatial sequencing ensured a journey of discovery that merged luxury retail with cultural expression.</p><p>‍</p><p id="""">As <strong id="""">Creative Director</strong>, I led the <strong id="""">concept study, spatial design, and execution</strong>, translating Hind Al-Oud’s philosophy of <em id="""">“scenting new emotions beyond”</em> into an architectural language. My responsibilities included defining the narrative, designing the flow and merchandising, integrating interactive touchpoints, and overseeing material and finish selections.</p><p id="""">This flagship not only embodied the <strong id="""">brand’s transformation</strong> but also became the <strong id="""">prototype for all future Hind Al-Oud stores worldwide</strong>. Its success established a replicable design system — now rolled out across the UAE and GCC and transferred internationally to Moscow and London — positioning Hind Al-Oud as a <strong id="""">pioneer of experiential luxury retail on a global stage</strong>.</p><p>‍</p>",https://cdn.prod.website-files.com/68b1b40ff8f7a47bdc773ba5/68b324a4dd6358872966e401_01-Final.jpg; https://cdn.prod.website-files.com/68b1b40ff8f7a47bdc773ba5/68b327b75b2139addbeb3bc9_08.Final.jpg; https://cdn.prod.website-files.com/68b1b40ff8f7a47bdc773ba5/68b327b93213b1afa57d76b2_06.Final.jpg; https://cdn.prod.website-files.com/68b1b40ff8f7a47bdc773ba5/68b327b856d5157f36f23674_07.Final.jpg; https://cdn.prod.website-files.com/68b1b40ff8f7a47bdc773ba5/68b327b658c2ba948b64ce84_Nameless%20collection.jpg; https://cdn.prod.website-files.com/68b1b40ff8f7a47bdc773ba5/68b327ba0349c9a38596428b_05.Final.jpg; https://cdn.prod.website-files.com/68b1b40ff8f7a47bdc773ba5/68b327b63090cca3786f6921_Shopfront.jpg; https://cdn.prod.website-files.com/68b1b40ff8f7a47bdc773ba5/68b32b7cba00ab0a7dad959f_1.png; https://cdn.prod.website-files.com/68b1b40ff8f7a47bdc773ba5/68b32b7ce6240a05b9e0aaa7_3.png; https://cdn.prod.website-files.com/68b1b40ff8f7a47bdc773ba5/68b32b79d18d59f6b7a52fe3_9.png; https://cdn.prod.website-files.com/68b1b40ff8f7a47bdc773ba5/68b32b7836b30e9273191370_5.png; https://cdn.prod.website-files.com/68b1b40ff8f7a47bdc773ba5/68b32b7d56d5157f36f2f4fe_2.png; https://cdn.prod.website-files.com/68b1b40ff8f7a47bdc773ba5/68b32b7c82c328140eca27b1_4.png; https://cdn.prod.website-files.com/68b1b40ff8f7a47bdc773ba5/68b32b7dde14675fab047593_6.png; https://cdn.prod.website-files.com/68b1b40ff8f7a47bdc773ba5/68b32b6da30c0622e7002eaf_11.png; https://cdn.prod.website-files.com/68b1b40ff8f7a47bdc773ba5/68b32b7864e27f400726683b_7.png; https://cdn.prod.website-files.com/68b1b40ff8f7a47bdc773ba5/68b32b78f40bdb594e5f025e_8.png; https://cdn.prod.website-files.com/68b1b40ff8f7a47bdc773ba5/68b327e60db36cef52354938_IMG_6237_Original.jpg; https://cdn.prod.website-files.com/68b1b40ff8f7a47bdc773ba5/68b327c0aa0603ac4710bdc0_cropped%20ribbon.jpg,30
Innovation Conference Hall,innovation-conference-hall,68b1b40ff8f7a47bdc773c38,68b1b40ff8f7a47bdc773b74,68b33a66b22ee95bf9f8d8b9,false,true,Sat Aug 30 2025 17:52:38 GMT+0000 (Coordinated Universal Time),Mon Sep 01 2025 13:57:17 GMT+0000 (Coordinated Universal Time),Mon Sep 01 2025 10:56:44 GMT+0000 (Coordinated Universal Time),false,hospitality-lifestyle-spaces,https://cdn.prod.website-files.com/68b1b40ff8f7a47bdc773ba5/68b33a72ae82ac604cc837b8_01_Interactive%20LightMix.jpg,https://cdn.prod.website-files.com/68b1b40ff8f7a47bdc773ba5/68b33a787f1c93046293e4d5_03_Interactive%20LightMix.jpg,Corporate Interior | Conference Hall | Experiential Design,MHG,2024,"Dubai, UAE",Futuristic Minimalism with Luxury Detail,,"The Innovation Conference Hall was conceived as a prestigious space for VIP gatherings, strategic meetings, and high-level discussions. Designed with a futuristic minimalist language and luxurious detailing, the hall embodies authority, sophistication, and forward-looking vision, creating an environment where leadership and innovation converge.","<p id="""">The journey begins with a striking façade wrapped in metallic mesh, announcing the hall’s presence with architectural boldness. A reception and hospitality area welcomes guests into a refined waiting space before they transition into the central hall. Inside, a <strong id="""">custom-designed U-shaped conference table</strong> integrates advanced digital screens and projection systems, anchoring the room as both a functional and symbolic centerpiece.</p><p id="""">The interior combines <strong id="""">soft curves, warm gold accents, and natural stone finishes</strong>, creating a timeless yet futuristic aesthetic. Custom furniture and integrated displays were designed exclusively for this project, reinforcing its unique identity. Every element, from lighting to zoning, reflects flexibility, authority, and the cultural prestige of its distinguished audience.</p><p id="""">I directed the concept and interior architecture, creating a design vision that balanced innovation with luxury. My responsibilities included <strong id="""">spatial planning, customer journey flow, material and finish selection, and custom furniture design</strong>. I also guided the design studies, detailing, and site supervision to ensure every detail matched the project’s strategic purpose. The result is a <strong id="""">bespoke conference hall</strong> that elevates the experience of leadership gatherings into an immersive and memorable environment.</p>",https://cdn.prod.website-files.com/68b1b40ff8f7a47bdc773ba5/68b33a72ae82ac604cc837b8_01_Interactive%20LightMix.jpg; https://cdn.prod.website-files.com/68b1b40ff8f7a47bdc773ba5/68b33a8fb35144efa92cafda_02_Interactive%20LightMix.jpg; https://cdn.prod.website-files.com/68b1b40ff8f7a47bdc773ba5/68b33a787f1c93046293e4d5_03_Interactive%20LightMix.jpg; https://cdn.prod.website-files.com/68b1b40ff8f7a47bdc773ba5/68b33a8e5a45cdc47b3f0a7e_04_Interactive%20LightMix.jpg; https://cdn.prod.website-files.com/68b1b40ff8f7a47bdc773ba5/68b33a8ebd8883d77dc717d7_05_Interactive%20LightMix.jpg; https://cdn.prod.website-files.com/68b1b40ff8f7a47bdc773ba5/68b33a8d993999fc870bde83_06_Interactive%20LightMix.jpg; https://cdn.prod.website-files.com/68b1b40ff8f7a47bdc773ba5/68b33a8c907e30f0a0d7a600_07_Interactive%20LightMix.jpg; https://cdn.prod.website-files.com/68b1b40ff8f7a47bdc773ba5/68b33af2f40bdb594e611155_09.jpg; https://cdn.prod.website-files.com/68b1b40ff8f7a47bdc773ba5/68b33a8ca8ef92db17e23c2e_10.jpg; https://cdn.prod.website-files.com/68b1b40ff8f7a47bdc773ba5/68b33a8ce37fd1de44d83e88_11.jpg; https://cdn.prod.website-files.com/68b1b40ff8f7a47bdc773ba5/68b33a8cde14675fab066986_12.jpg,105
Khaltat Flagship Store,khaltat-flagship-store,68b1b40ff8f7a47bdc773c38,68b1b40ff8f7a47bdc773b74,68b54569a749f1989957e5da,false,true,Mon Sep 01 2025 07:04:09 GMT+0000 (Coordinated Universal Time),Mon Sep 01 2025 07:04:52 GMT+0000 (Coordinated Universal Time),,false,,,,,Khaltat,2024,GCC,,,,,,
Khaltat Gallery Lafayette Dubai,khaltat-gallery-lafayette-dubai,68b1b40ff8f7a47bdc773c38,68b1b40ff8f7a47bdc773b74,68b545bccd7cb951ee1d91b2,false,true,Mon Sep 01 2025 07:05:32 GMT+0000 (Coordinated Universal Time),Mon Sep 01 2025 07:06:13 GMT+0000 (Coordinated Universal Time),,false,,,,,Khaltat ,2024,Gallery Lafayette Dubai,,,,,,
Love to be YOU,ramadan,68b1b40ff8f7a47bdc773c38,68b1b40ff8f7a47bdc773b74,68ba00a13a95be87a99ad7b4,false,true,Thu Sep 04 2025 21:12:01 GMT+0000 (Coordinated Universal Time),Thu Sep 04 2025 21:12:30 GMT+0000 (Coordinated Universal Time),,false,,,,,,,,,,,,,
MHG Headquarter,mhg-headquarter,68b1b40ff8f7a47bdc773c38,68b1b40ff8f7a47bdc773b74,68b53ac587f35d2c5ce0aea8,false,false,Mon Sep 01 2025 06:18:45 GMT+0000 (Coordinated Universal Time),Mon Sep 01 2025 15:28:18 GMT+0000 (Coordinated Universal Time),Mon Sep 01 2025 15:31:12 GMT+0000 (Coordinated Universal Time),true,hospitality-lifestyle-spaces,https://cdn.prod.website-files.com/68b1b40ff8f7a47bdc773ba5/68b53b05fd3c36b689bef0c1_77.png,https://cdn.prod.website-files.com/68b1b40ff8f7a47bdc773ba5/68b53b05fd3c36b689bef0c1_77.png,Corporate Headquarters | Experiential Office Design | Emotional Spatial Concept,MHG,2021,"SRTIP, UAE",Where Work Becomes Wellbeing,,"The MHG Headquarters was envisioned as more than a workplace — it was designed as an emotional journey. I led the project from concept to completion, shaping the headquarters around the philosophy of Breath Out, Breath In, Innovation. Each zone was crafted to influence mood, wellbeing, and creativity, turning the office into a living ecosystem of energy and belonging.","<h2 id=""""><strong id="""">Concept &amp; Design</strong></h2><ul id=""""><li><strong id="""">Breath Out Zone</strong>: An entry space anchored by the interactive <em id="""">Breath of Light</em> chandelier, where employees release negativity. This area houses HR, Finance, Legal, IT, and Audit — departments that embody stability.</li><li><strong id="""">Breath In Zone</strong>: A creative hub filled with natural light, greenery, organic sofas, and reflective surfaces. This area supports Marketing, Graphics, CRM, VM, Product, and Design teams, inspiring positivity and innovation.</li><li><strong id="""">Innovation Zone</strong>: The heart of leadership and invention, integrating the CEO Office, Perfume Lab, and Admin functions. Open, futuristic, and biophilic, it is designed for future planning and creative breakthroughs.</li></ul><h2 id=""""><strong id="""">Design Details</strong></h2><ul id=""""><li><strong id="""">Materiality</strong>: Light woods, textured white walls, terrazzo, polished concrete, soft fabrics, and abundant plants.</li><li><strong id="""">Furniture</strong>: Custom-designed workstations, modular platforms, beanbags, hanging chairs, and organic sofas.</li><li><strong id="""">Lighting</strong>: A layered scheme with the <em id="""">Breath of Light</em> chandelier as centerpiece, spreading positivity across the space.</li><li><strong id="""">Spatial Flow</strong>: Curved forms and open layouts designed to encourage flexibility, collaboration, and wellbeing.</li></ul><h2 id=""""><strong id="""">My Role</strong></h2><p id="""">I envisioned the concept, developed the full design narrative, and directed every stage — from spatial planning to material and furniture selection. I led the creative direction, interior architecture, and detailing, ensuring the headquarters embodied the philosophy of emotional design. Every finish, fixture, and piece of furniture was chosen under my leadership to translate the concept into reality.</p><p id="""">The MHG Headquarters redefined the corporate office as an <strong id="""">immersive, emotional, and future-forward workplace</strong> — one that inspires people to breathe, create, and innovate.</p>",https://cdn.prod.website-files.com/68b1b40ff8f7a47bdc773ba5/68b53b1de534d02c267e7700_75.png; https://cdn.prod.website-files.com/68b1b40ff8f7a47bdc773ba5/68b53b1d8e2a9e7dd4143854_76.png; https://cdn.prod.website-files.com/68b1b40ff8f7a47bdc773ba5/68b53b05fd3c36b689bef0c1_77.png; https://cdn.prod.website-files.com/68b1b40ff8f7a47bdc773ba5/68b53b1e4cd54a4d274712d3_78.png; https://cdn.prod.website-files.com/68b1b40ff8f7a47bdc773ba5/68b53b2830d0cdb245a5b3d7_80.png; https://cdn.prod.website-files.com/68b1b40ff8f7a47bdc773ba5/68b53b4f145c9dc5b62647f0_54.png; https://cdn.prod.website-files.com/68b1b40ff8f7a47bdc773ba5/68b53b4fcc319d9245e48158_55.png; https://cdn.prod.website-files.com/68b1b40ff8f7a47bdc773ba5/68b53b4e1568ffba5d1ed7fa_57.png; https://cdn.prod.website-files.com/68b1b40ff8f7a47bdc773ba5/68b53b4bc79d8c1e20d682a7_61.png; https://cdn.prod.website-files.com/68b1b40ff8f7a47bdc773ba5/68b53b4492d2b3414cfe6c22_74.png; https://cdn.prod.website-files.com/68b1b40ff8f7a47bdc773ba5/68b53b442bcc1dd2b918944e_72.png; https://cdn.prod.website-files.com/68b1b40ff8f7a47bdc773ba5/68b53b4883bf5431916e3192_71.png; https://cdn.prod.website-files.com/68b1b40ff8f7a47bdc773ba5/68b53b471501677bed2b5c26_73.png,90
OLD is Gold Villa,old-is-gold-villa,68b1b40ff8f7a47bdc773c38,68b1b40ff8f7a47bdc773b74,68ba032c902cd7eda3a34fe4,false,true,Thu Sep 04 2025 21:22:52 GMT+0000 (Coordinated Universal Time),Thu Sep 04 2025 21:22:52 GMT+0000 (Coordinated Universal Time),,false,,,,,,,,,,,,,
Private Office,private-ceo-office-perfume-lab---dubai,68b1b40ff8f7a47bdc773c38,68b1b40ff8f7a47bdc773b74,68b33be0a6dae8bd34ec65cd,false,false,Sat Aug 30 2025 17:58:56 GMT+0000 (Coordinated Universal Time),Mon Sep 01 2025 15:29:29 GMT+0000 (Coordinated Universal Time),Mon Sep 01 2025 15:29:29 GMT+0000 (Coordinated Universal Time),true,hospitality-lifestyle-spaces,https://cdn.prod.website-files.com/68b1b40ff8f7a47bdc773ba5/68b41e102211f56f5ca98a8b_1.png,https://cdn.prod.website-files.com/68b1b40ff8f7a47bdc773ba5/68b41e102211f56f5ca98a8b_1.png,Private CEO Office | Perfume Lab | Luxury Interior Design,Mohamed Hilal,2023,"Dubai, UAE",Architecting Calm & Authority,,"This CEO office was designed as both an executive headquarters and a creative laboratory, reflecting the dual role of a leader who drives a luxury retail group while personally creating fragrances. The space delivers a first impression of prestige and refinement, while offering a calm, home-like atmosphere rarely found in corporate environments.","<p id="""">The design vision was to create an environment that is <strong id="""">minimal, elegant, and immersive</strong>, reflecting the <strong id="""">luxury retail DNA</strong> of the client’s business. Every zone of the office was strategically planned to serve a distinct function while maintaining a consistent atmosphere of exclusivity.</p><ul id=""""><li id=""""><strong id="""">Executive Office</strong> → A refined, minimal layout anchored by a <strong id="""">sculptural desk</strong> and a backdrop of <strong id="""">marble stone with golden veining</strong>. Soft fluted wood panels wrap the space, combining warmth and acoustical comfort with vertical rhythm.</li><li id=""""><strong id="""">Perfume Lab</strong> → Positioned adjacent to the office, the lab allows the CEO to engage in <strong id="""">fragrance creation</strong>. Minimal yet functional counters, custom shelving, and carefully lit displays support experimentation while presenting the perfumes as art pieces.</li><li id=""""><strong id="""">Meeting &amp; Boardroom</strong> → Defined by the <strong id="""">iconic circular table</strong>, symbolizing unity and leadership. Neutral tones, soft fabrics, and integrated technology create a seamless environment for both strategic discussions and creative exchange.</li><li id=""""><strong id="""">Hospitality &amp; Workshop Zone</strong> → A welcoming waiting area and an <strong id="""">interactive bar counter</strong> designed for workshops with partner brands. Illuminated shelving units showcase iconic perfumes, merging hospitality with storytelling.</li></ul><h3 id="""">Materiality &amp; Detailing</h3><ul id=""""><li id=""""><strong id="""">Natural Stone</strong>: Hand-selected marble with <strong id="""">dramatic veining and perfect pattern alignment</strong>, used as a statement wall in executive and meeting zones.</li><li id=""""><strong id="""">Wood</strong>: Rippled and fluted natural wood panels provide warmth, depth, and bespoke craftsmanship.</li><li id=""""><strong id="""">Metal Accents</strong>: Brushed gold details integrated into furniture, shelving, and lighting elements highlight the luxury narrative.</li><li id=""""><strong id="""">Furniture</strong>: All seating and tables were <strong id="""">custom-designed and produced</strong> specifically for this office, from premium upholstered lounge pieces to tailored executive desks.</li><li id=""""><strong id="""">Lighting</strong>: Suspended circular luminaires and concealed LED profiles create layered, atmospheric light that accentuates material textures and enhances the serene mood.</li><li id=""""><strong id="""">Accessories &amp; Styling</strong>: Curated décor, plants, and objects were selected to soften the environment and deliver a home-like calmness without compromising prestige.</li></ul><h3 id="""">My Role</h3><p id="""">As <strong id="""">Creative Director</strong>, I developed the <strong id="""">overall concept, interior design, and furniture direction</strong>, translating the CEO’s dual identity as a leader and perfumer into space. My role included:</p><ul id=""""><li id="""">Designing the <strong id="""">spatial flow and zoning</strong> between executive, creative, and hospitality areas.</li><li id="""">Selecting and curating <strong id="""">materials, finishes, and accessories</strong> to achieve a refined, home-like atmosphere.</li><li id="""">Leading the <strong id="""">custom furniture design</strong>, ensuring every piece reflected the project’s bespoke nature.</li><li id="""">Supervising execution, <strong id="""">material sourcing, fit-out, and detailing</strong> to deliver a flawless finish.</li></ul><p id="""">The result is a <strong id="""">VIP executive office</strong> that functions as both a workplace and a personal creative hub, setting a new benchmark for <strong id="""">luxury private offices</strong> where leadership, innovation, and hospitality converge.</p><p id="""">‍</p><p id="""">‍</p>",https://cdn.prod.website-files.com/68b1b40ff8f7a47bdc773ba5/68b41e102211f56f5ca98a8b_1.png; https://cdn.prod.website-files.com/68b1b40ff8f7a47bdc773ba5/68b41e314770c1e3b2da32a2_2.png; https://cdn.prod.website-files.com/68b1b40ff8f7a47bdc773ba5/68b41e37d1ceb4a1b581d594_3.png; https://cdn.prod.website-files.com/68b1b40ff8f7a47bdc773ba5/68b41e33c454f21ccc7713d4_4.png; https://cdn.prod.website-files.com/68b1b40ff8f7a47bdc773ba5/68b41e30f83c98700c159659_5.png; https://cdn.prod.website-files.com/68b1b40ff8f7a47bdc773ba5/68b41e2ed86d0aa4034aba3e_6.png; https://cdn.prod.website-files.com/68b1b40ff8f7a47bdc773ba5/68b41e31ba111a43f93ceb6b_9.png; https://cdn.prod.website-files.com/68b1b40ff8f7a47bdc773ba5/68b41e37a70ab6fafaca9e21_10.png; https://cdn.prod.website-files.com/68b1b40ff8f7a47bdc773ba5/68b41e33aa0603ac472a3f20_11.png; https://cdn.prod.website-files.com/68b1b40ff8f7a47bdc773ba5/68b41e37c454f21ccc77141c_12.png; https://cdn.prod.website-files.com/68b1b40ff8f7a47bdc773ba5/68b41e35f83c98700c15970b_13.png; https://cdn.prod.website-files.com/68b1b40ff8f7a47bdc773ba5/68b41e2e5e15888b0ef8cd6a_17.png; https://cdn.prod.website-files.com/68b1b40ff8f7a47bdc773ba5/68b41e332c4eee4a8197b50b_15.png; https://cdn.prod.website-files.com/68b1b40ff8f7a47bdc773ba5/68b42bc1e186a04d8b33a682_20.png; https://cdn.prod.website-files.com/68b1b40ff8f7a47bdc773ba5/68b42bc113e3300e223a77e2_21.png; https://cdn.prod.website-files.com/68b1b40ff8f7a47bdc773ba5/68b42bc120c0b1ec1fd8f812_22.png; https://cdn.prod.website-files.com/68b1b40ff8f7a47bdc773ba5/68b42bc1469af2a9018cb722_23.png; https://cdn.prod.website-files.com/68b1b40ff8f7a47bdc773ba5/68b42bc67db03bbb047d3763_27.png; https://cdn.prod.website-files.com/68b1b40ff8f7a47bdc773ba5/68b42bc626d1a38749141bc5_28.png; https://cdn.prod.website-files.com/68b1b40ff8f7a47bdc773ba5/68b42bc3458a47d9d81b9978_29.png; https://cdn.prod.website-files.com/68b1b40ff8f7a47bdc773ba5/68b439006ac21db37b0ff90d_30.png; https://cdn.prod.website-files.com/68b1b40ff8f7a47bdc773ba5/68b438ffa40a27844a7dec1c_31.png,60
TODA Event - Ramadan Suhoor ,toda-event---ramadan-suhoor-,68b1b40ff8f7a47bdc773c38,68b1b40ff8f7a47bdc773b74,68b544410e4aed76897b2ea2,false,true,Mon Sep 01 2025 06:59:13 GMT+0000 (Coordinated Universal Time),Mon Sep 01 2025 07:00:39 GMT+0000 (Coordinated Universal Time),,false,,,,Immersive Brand Event,HAO,2024,"Souk Madinat Jumeirah, UAE",,,,,,
The Perfumer,the-perfumer,68b1b40ff8f7a47bdc773c38,68b1b40ff8f7a47bdc773b74,68ba0004c18cbf2c92cc1c5a,false,true,Thu Sep 04 2025 21:09:24 GMT+0000 (Coordinated Universal Time),Thu Sep 04 2025 21:09:24 GMT+0000 (Coordinated Universal Time),,false,,,,,,,,,,,,,
The Perfumer Campaign,the-perfumer-campaign,68b1b40ff8f7a47bdc773c38,68b1b40ff8f7a47bdc773b74,68b54503b8557ee6ceb67414,false,true,Mon Sep 01 2025 07:02:27 GMT+0000 (Coordinated Universal Time),Mon Sep 01 2025 07:03:42 GMT+0000 (Coordinated Universal Time),,false,,,,360 Campaign ,Khaltat,2024,GCC,,,,,,
The Pink Emotions,pink-october---hao-awareness-campaign,68b1b40ff8f7a47bdc773c38,68b1b40ff8f7a47bdc773b74,68ba00148d2f17cc913c419b,false,true,Thu Sep 04 2025 21:09:40 GMT+0000 (Coordinated Universal Time),Fri Sep 05 2025 10:13:06 GMT+0000 (Coordinated Universal Time),,false,exhibitions-activations,,,,,,,A Journey Through Emotions,,"“The Pink Emotions” campaign was launched during Breast Cancer Awareness Month, reimagining awareness as an emotional journey. Instead of relying on symbolic pink visuals alone, the concept translated the stages of a woman’s healing process — discovery, empowerment, healing, and renewal — into a multi-sensory narrative across digital, retail, and live experiences.","<p id="""">The creative direction used <strong id="""">HAO’s luxury design language fused with pink identity</strong> to make the campaign both elegant and emotionally resonant. Every element — from visuals to activations — carried a story of transformation, positioning the brand not just as a perfume house but as a <strong id="""">cultural voice of empathy and empowerment</strong>.</p><h2 id=""""><strong id="""">The Event with Jalila Foundation</strong></h2><p id="""">As part of the campaign, Hind Al-Oud partnered with the <strong id="""">Jalila Foundation</strong> to host an exclusive event in Dubai, uniting survivors, advocates, and the wider community. Guests were invited into an <strong id="""">immersive, sensorial space</strong> that reflected the stages of the Pink Emotions narrative, while conversations and storytelling created an atmosphere of solidarity. The collaboration grounded the campaign in <strong id="""">real social impact</strong>, raising both awareness and funds, while strengthening the brand’s role as a supporter of women’s empowerment in the region.</p><h2 id=""""><strong id="""">My Role</strong></h2><ul id=""""><li>Conceived and directed the <strong id="""">Pink Emotions campaign concept</strong>.</li><li>Designed the <strong id="""">visual identity and communication style</strong> across retail, digital, and social channels.</li><li>Directed the <strong id="""">activation concept and spatial storytelling</strong> for the Jalila Foundation event.</li><li>Oversaw <strong id="""">product and merchandising integration</strong> (special edition Pink Box, fragrance storytelling).</li><li>Ensured the campaign aligned with both <strong id="""">emotional resonance</strong> and <strong id="""">brand luxury positioning</strong>.</li></ul><p id="""">The campaign created widespread engagement across social media and retail, while the Jalila Foundation partnership reinforced its authenticity. By framing awareness as an emotional journey, “The Pink Emotions” positioned Hind Al-Oud as a <strong id="""">brand that goes beyond products to create cultural and social relevance</strong>.</p><p>‍</p>",https://cdn.prod.website-files.com/68b1b40ff8f7a47bdc773ba5/68baa43874d49e132a52fb4f_3.png; https://cdn.prod.website-files.com/68b1b40ff8f7a47bdc773ba5/68baa438076ffbdecaaf17ae_4.png; https://cdn.prod.website-files.com/68b1b40ff8f7a47bdc773ba5/68baa4382fd0e2918920851a_5.png; https://cdn.prod.website-files.com/68b1b40ff8f7a47bdc773ba5/68baa43885c628d4388e86ce_6.png; https://cdn.prod.website-files.com/68b1b40ff8f7a47bdc773ba5/68baa438e8a7c316afb4db4e_20.png; https://cdn.prod.website-files.com/68b1b40ff8f7a47bdc773ba5/68baa4384baa518096c4b1b9_21.png; https://cdn.prod.website-files.com/68b1b40ff8f7a47bdc773ba5/68baa43875001b388281f6b7_22.png; https://cdn.prod.website-files.com/68b1b40ff8f7a47bdc773ba5/68bab2924baa518096c9a099_WhatsApp%20Image%202023-09-05%20at%204.09.09%20PM.jpeg; https://cdn.prod.website-files.com/68b1b40ff8f7a47bdc773ba5/68bab2928094c8a92aed1c83_WhatsApp%20Image%202023-09-21%20at%201.09.00%20PM%20(1).jpeg; https://cdn.prod.website-files.com/68b1b40ff8f7a47bdc773ba5/68bab2926417ecb906fcdc78_WhatsApp%20Image%202023-09-21%20at%201.09.00%20PM.jpeg; https://cdn.prod.website-files.com/68b1b40ff8f7a47bdc773ba5/68bab2924491df99d17a3196_WhatsApp%20Image%202023-09-22%20at%209.31.57%20AM.jpeg,
Third Avenue Restaurant ,third-avenue-restaurant-,68b1b40ff8f7a47bdc773c38,68b1b40ff8f7a47bdc773b74,68b543f96ac21db37b37df5e,false,true,Mon Sep 01 2025 06:58:01 GMT+0000 (Coordinated Universal Time),Mon Sep 01 2025 06:58:58 GMT+0000 (Coordinated Universal Time),,false,,,,,,2024,Dubai Mall,,,,,,
summer ,summer,68b1b40ff8f7a47bdc773c38,68b1b40ff8f7a47bdc773b74,68ba010799c5b5b862b1d99c,false,true,Thu Sep 04 2025 21:13:43 GMT+0000 (Coordinated Universal Time),Thu Sep 04 2025 21:13:43 GMT+0000 (Coordinated Universal Time),,false,,,,,,,,,,,,,
the Art of self,the-art-of-self,68b1b40ff8f7a47bdc773c38,68b1b40ff8f7a47bdc773b74,68ba004d27d82d0b1cacd869,false,true,Thu Sep 04 2025 21:10:37 GMT+0000 (Coordinated Universal Time),Thu Sep 04 2025 21:10:37 GMT+0000 (Coordinated Universal Time),,false,,,,,,,,,,,,,
